{"cameraMode":{"drawMode":0,"name":"Shaded","section":"Shading Mode"},"sceneLighting":true,"audioPlay":false,"sceneViewState":{"showFog":true,"showMaterialUpdate":false,"showSkybox":true,"showFlares":true,"showImageEffects":true,"showParticleSystems":true},"in2DMode":false,"pivot":{"x":-115.66490936279297,"y":-1.293204665184021,"z":76.14448547363281},"rotation":{"x":-0.08460462093353272,"y":-0.37218207120895388,"z":0.03309294208884239,"w":-0.9239680171012878},"size":21.31732940673828,"orthographic":false}