{"cameraMode":{"drawMode":0,"name":"Shaded","section":"Shading Mode"},"sceneLighting":true,"audioPlay":false,"sceneViewState":{"showFog":true,"showMaterialUpdate":false,"showSkybox":true,"showFlares":true,"showImageEffects":true,"showParticleSystems":true},"in2DMode":false,"pivot":{"x":13.398083686828614,"y":10.182320594787598,"z":-24.67502212524414},"rotation":{"x":0.32487356662750246,"y":-0.05834587290883064,"z":0.02026337943971157,"w":0.9438530206680298},"size":18.744998931884767,"orthographic":false}