{"cameraMode":{"drawMode":0,"name":"Shaded","section":"Shading Mode"},"sceneLighting":true,"audioPlay":false,"sceneViewState":{"showFog":true,"showMaterialUpdate":false,"showSkybox":true,"showFlares":true,"showImageEffects":true,"showParticleSystems":true},"in2DMode":false,"pivot":{"x":-10.707547187805176,"y":13.655725479125977,"z":-18.69397735595703},"rotation":{"x":-0.009690110571682454,"y":0.8658919930458069,"z":-0.01762654259800911,"w":-0.500133752822876},"size":10.0,"orthographic":false}