{"cameraMode":{"drawMode":0,"name":"Shaded","section":"Shading Mode"},"sceneLighting":true,"audioPlay":false,"sceneViewState":{"showFog":true,"showMaterialUpdate":false,"showSkybox":true,"showFlares":true,"showImageEffects":true,"showParticleSystems":true},"in2DMode":false,"pivot":{"x":54.12930679321289,"y":-8.175308227539063,"z":143.45370483398438},"rotation":{"x":0.17366303503513337,"y":-0.23842985928058625,"z":0.043622057884931567,"w":0.9546290040016174},"size":18.744998931884767,"orthographic":false}