{"cameraMode":{"drawMode":0,"name":"Shaded","section":"Shading Mode"},"sceneLighting":true,"audioPlay":false,"sceneViewState":{"showFog":true,"showMaterialUpdate":false,"showSkybox":true,"showFlares":true,"showImageEffects":true,"showParticleSystems":true},"in2DMode":false,"pivot":{"x":0.6304759383201599,"y":0.7811237573623657,"z":0.7051974534988403},"rotation":{"x":0.3176702857017517,"y":-0.5536223649978638,"z":0.24049657583236695,"w":0.7312777042388916},"size":4.804163932800293,"orthographic":false}