{"cameraMode":{"drawMode":0,"name":"Shaded","section":"Shading Mode"},"sceneLighting":true,"audioPlay":false,"sceneViewState":{"showFog":true,"showMaterialUpdate":false,"showSkybox":true,"showFlares":true,"showImageEffects":true,"showParticleSystems":true},"in2DMode":false,"pivot":{"x":290.7189636230469,"y":53.91028594970703,"z":167.96963500976563},"rotation":{"x":0.2226889282464981,"y":-0.5654597878456116,"z":0.16208665072917939,"w":0.7775639891624451},"size":4.327794551849365,"orthographic":false}