{"cameraMode":{"drawMode":0,"name":"Shaded","section":"Shading Mode"},"sceneLighting":true,"audioPlay":false,"sceneViewState":{"showFog":true,"showMaterialUpdate":false,"showSkybox":true,"showFlares":true,"showImageEffects":true,"showParticleSystems":true},"in2DMode":false,"pivot":{"x":-136.12518310546876,"y":16.006771087646486,"z":-87.80165100097656},"rotation":{"x":-0.0019272719509899617,"y":0.7843952775001526,"z":-0.0030773666221648456,"w":-0.6205045580863953},"size":34.36867904663086,"orthographic":false}