{"cameraMode":{"drawMode":0,"name":"Shaded","section":"Shading Mode"},"sceneLighting":true,"audioPlay":false,"sceneViewState":{"showFog":true,"showMaterialUpdate":false,"showSkybox":true,"showFlares":true,"showImageEffects":true,"showParticleSystems":true},"in2DMode":false,"pivot":{"x":128.88470458984376,"y":2.0,"z":199.404541015625},"rotation":{"x":-0.07962781935930252,"y":0.7018175721168518,"z":-0.08007457852363587,"w":-0.7036214470863342},"size":3.8583548069000246,"orthographic":false}