{"cameraMode":{"drawMode":0,"name":"Shaded","section":"Shading Mode"},"sceneLighting":true,"audioPlay":false,"sceneViewState":{"showFog":true,"showMaterialUpdate":false,"showSkybox":true,"showFlares":true,"showImageEffects":true,"showParticleSystems":true},"in2DMode":false,"pivot":{"x":89.32403564453125,"y":46.51160430908203,"z":-98.20455932617188},"rotation":{"x":-0.21008270978927613,"y":0.40096762776374819,"z":-0.09555986523628235,"w":-0.8867714405059815},"size":0.8660253882408142,"orthographic":false}