{"cameraMode":{"drawMode":0,"name":"Shaded","section":"Shading Mode"},"sceneLighting":true,"audioPlay":false,"sceneViewState":{"showFog":true,"showMaterialUpdate":false,"showSkybox":true,"showFlares":true,"showImageEffects":true,"showParticleSystems":true},"in2DMode":false,"pivot":{"x":-4.750843048095703,"y":19.915407180786134,"z":-45.38430404663086},"rotation":{"x":-0.12860073149204255,"y":0.2689740061759949,"z":-0.03668307512998581,"w":-0.9539953470230103},"size":3.827514410018921,"orthographic":false}