{"cameraMode":{"drawMode":0,"name":"Shaded","section":"Shading Mode"},"sceneLighting":true,"audioPlay":false,"sceneViewState":{"showFog":true,"showMaterialUpdate":false,"showSkybox":true,"showFlares":true,"showImageEffects":true,"showParticleSystems":true},"in2DMode":false,"pivot":{"x":-15.978198051452637,"y":-0.45084646344184878,"z":-10.587456703186036},"rotation":{"x":-0.056831032037734988,"y":0.7206851243972778,"z":-0.06011872738599777,"w":-0.6885444521903992},"size":13.49891471862793,"orthographic":false}